{"cameraMode":{"drawMode":0,"name":"Shaded","section":"Shading Mode"},"sceneLighting":true,"audioPlay":false,"sceneViewState":{"m_AlwaysRefresh":false,"showFog":true,"showSkybox":true,"showFlares":true,"showImageEffects":true,"showParticleSystems":true,"showVisualEffectGraphs":true,"m_FxEnabled":true},"in2DMode":false,"pivot":{"x":594.9483642578125,"y":320.98870849609377,"z":143.38101196289063},"rotation":{"x":-0.007261757273226976,"y":0.02212483435869217,"z":-0.0029456098563969137,"w":1.0005040168762208},"size":832.42724609375,"orthographic":false}